genre,count
emo,0.0185185185185
pop punk,0.0648148148148
alternative emo,0.0
metalcore,0.00925925925926
melodic metalcore,0.00925925925926
rap metal,0.0185185185185
screamo,0.0
pop emo,0.0
pixie,0.0
melodic hardcore,0.0555555555556
punk,0.0833333333333
ska punk,0.0462962962963
skate punk,0.0833333333333
post-hardcore,0.00925925925926
pop rock,0.0185185185185
post-grunge,0.0277777777778
alternative metal,0.0185185185185
punk christmas,0.037037037037
ska,0.037037037037
